Date,Installed,Platform
26/07/2021,165.00,Android
27/07/2021,323.00,Android
28/07/2021,383.00,Android
29/07/2021,456.00,Android
30/07/2021,529.00,Android
31/07/2021,581.00,Android
01/08/2021,635.00,Android
02/08/2021,696.00,Android
03/08/2021,779.00,Android
04/08/2021,904.00,Android
05/08/2021,"1,119.00",Android
06/08/2021,"1,871.00",Android
07/08/2021,"2,075.00",Android
08/08/2021,"2,144.00",Android
09/08/2021,"2,269.00",Android
10/08/2021,"2,382.00",Android
11/08/2021,"2,476.00",Android
12/08/2021,"2,595.00",Android
13/08/2021,"2,704.00",Android
14/08/2021,"2,755.00",Android
15/08/2021,"2,844.00",Android
16/08/2021,"2,957.00",Android
17/08/2021,"3,103.00",Android
18/08/2021,"3,318.00",Android
19/08/2021,"3,528.00",Android
20/08/2021,"3,613.00",Android
21/08/2021,"3,787.00",Android
22/08/2021,"3,968.00",Android
23/08/2021,"4,159.00",Android
24/08/2021,"4,342.00",Android
25/08/2021,"4,586.00",Android
26/08/2021,"4,663.00",Android
27/08/2021,"4,808.00",Android
28/08/2021,"4,945.00",Android
29/08/2021,"5,083.00",Android
30/08/2021,"5,182.00",Android
31/08/2021,"5,286.00",Android
01/09/2021,"5,403.00",Android
02/09/2021,"5,548.00",Android
03/09/2021,"5,683.00",Android
04/09/2021,"5,822.00",Android
05/09/2021,"5,835.00",Android
06/09/2021,"5,934.00",Android
07/09/2021,"6,023.00",Android
08/09/2021,"6,190.00",Android
09/09/2021,"6,428.00",Android
10/09/2021,"6,714.00",Android
11/09/2021,"7,065.00",Android
12/09/2021,"7,444.00",Android
13/09/2021,"7,706.00",Android
14/09/2021,"7,779.00",Android
15/09/2021,"7,897.00",Android
16/09/2021,"8,028.00",Android
17/09/2021,"8,161.00",Android
18/09/2021,"8,233.00",Android
19/09/2021,"8,351.00",Android
20/09/2021,"8,402.00",Android
21/09/2021,"8,488.00",Android
22/09/2021,"8,727.00",Android
23/09/2021,"8,916.00",Android
24/09/2021,"9,137.00",Android
25/09/2021,"9,278.00",Android
26/09/2021,"9,276.00",Android
27/09/2021,"9,466.00",Android
28/09/2021,"9,529.00",Android
29/09/2021,"9,598.00",Android
30/09/2021,"9,629.00",Android
01/10/2021,"9,684.00",Android
02/10/2021,"9,702.00",Android
03/10/2021,"9,820.00",Android
04/10/2021,"9,921.00",Android
05/10/2021,"10,046.00",Android
06/10/2021,"10,095.00",Android
07/10/2021,"10,206.00",Android
08/10/2021,"10,327.00",Android
09/10/2021,"10,567.00",Android
10/10/2021,"10,680.00",Android
11/10/2021,"10,739.00",Android
12/10/2021,"10,821.00",Android
13/10/2021,"10,950.00",Android
14/10/2021,"10,980.00",Android
15/10/2021,"11,065.00",Android
16/10/2021,"11,270.00",Android
17/10/2021,"11,479.00",Android
18/10/2021,"11,656.00",Android
19/10/2021,"11,690.00",Android
20/10/2021,"11,845.00",Android
21/10/2021,"11,867.00",Android
22/10/2021,"11,956.00",Android
23/10/2021,"11,975.00",Android
24/10/2021,"11,928.00",Android
25/10/2021,"11,892.00",Android
26/10/2021,"12,170.00",Android
27/10/2021,"12,236.00",Android
28/10/2021,"12,313.00",Android
29/10/2021,"12,498.00",Android
30/10/2021,"12,603.00",Android
31/10/2021,"12,714.00",Android
01/11/2021,"12,705.00",Android
02/11/2021,"12,713.00",Android
03/11/2021,"12,745.00",Android
04/11/2021,"12,820.00",Android
05/11/2021,"12,807.00",Android
06/11/2021,"12,917.00",Android
07/11/2021,"12,915.00",Android
08/11/2021,"13,029.00",Android
09/11/2021,"13,155.00",Android
10/11/2021,"13,270.00",Android
11/11/2021,"13,294.00",Android
12/11/2021,"13,381.00",Android
13/11/2021,"13,471.00",Android
14/11/2021,"13,475.00",Android
15/11/2021,"13,561.00",Android
16/11/2021,"13,599.00",Android
17/11/2021,"13,658.00",Android
18/11/2021,"13,657.00",Android
19/11/2021,"13,720.00",Android
20/11/2021,"13,777.00",Android
21/11/2021,"13,786.00",Android
22/11/2021,"13,858.00",Android
23/11/2021,"13,875.00",Android
24/11/2021,"13,923.00",Android
25/11/2021,"13,658.00",Android
26/11/2021,"13,638.00",Android
27/11/2021,"13,665.00",Android
28/11/2021,"13,673.00",Android
29/11/2021,"13,740.00",Android
30/11/2021,"13,752.00",Android
01/12/2021,"13,797.00",Android
02/12/2021,"13,794.00",Android
03/12/2021,"13,802.00",Android
04/12/2021,"13,925.00",Android
05/12/2021,"14,020.00",Android
06/12/2021,"13,989.00",Android
07/12/2021,"14,039.00",Android
08/12/2021,"14,071.00",Android
09/12/2021,"14,094.00",Android
10/12/2021,"14,041.00",Android
11/12/2021,"14,094.00",Android
12/12/2021,"13,984.00",Android
13/12/2021,"14,069.00",Android
14/12/2021,"14,119.00",Android
15/12/2021,"14,122.00",Android
16/12/2021,"14,043.00",Android
17/12/2021,"14,073.00",Android
18/12/2021,"14,111.00",Android
19/12/2021,"14,109.00",Android
20/12/2021,"14,171.00",Android
21/12/2021,"14,225.00",Android
22/12/2021,"14,138.00",Android
23/12/2021,"14,190.00",Android
24/12/2021,"14,171.00",Android
25/12/2021,"14,531.00",Android
26/12/2021,"14,619.00",Android
27/12/2021,"14,593.00",Android
28/12/2021,"14,673.00",Android
29/12/2021,"14,707.00",Android
30/12/2021,"14,750.00",Android
31/12/2021,"14,738.00",Android
01/01/2022,"14,685.00",Android
02/01/2022,"14,739.00",Android
03/01/2022,"15,717.00",Android
04/01/2022,"15,726.00",Android
05/01/2022,"15,689.00",Android
06/01/2022,"15,650.00",Android
07/01/2022,"15,850.00",Android
08/01/2022,"15,914.00",Android
09/01/2022,"15,906.00",Android
10/01/2022,"15,949.00",Android
11/01/2022,"16,021.00",Android
12/01/2022,"15,991.00",Android
13/01/2022,"16,236.00",Android
14/01/2022,"16,283.00",Android
15/01/2022,"16,384.00",Android
16/01/2022,"16,383.00",Android
17/01/2022,"16,542.00",Android
18/01/2022,"16,550.00",Android
19/01/2022,"27,550.00",Android
20/01/2022,"26,984.00",Android
21/01/2022,"26,738.00",Android
22/01/2022,"26,414.00",Android
23/01/2022,"26,365.00",Android
24/01/2022,"26,729.00",Android
25/01/2022,"27,556.00",Android
26/01/2022,"27,536.00",Android
27/01/2022,"27,500.00",Android
28/01/2022,"27,827.00",Android
29/01/2022,"27,662.00",Android
30/01/2022,"27,522.00",Android
31/01/2022,"27,393.00",Android
01/02/2022,"29,094.00",Android
02/02/2022,"29,141.00",Android
03/02/2022,"29,033.00",Android
04/02/2022,"28,822.00",Android
05/02/2022,"28,824.00",Android
06/02/2022,"28,695.00",Android
07/02/2022,"28,655.00",Android
08/02/2022,"28,603.00",Android
09/02/2022,"28,497.00",Android
10/02/2022,"28,753.00",Android
11/02/2022,"31,069.00",Android
12/02/2022,"31,227.00",Android
13/02/2022,"31,199.00",Android
14/02/2022,"31,208.00",Android
15/02/2022,"31,328.00",Android
16/02/2022,"31,349.00",Android
17/02/2022,"31,444.00",Android
18/02/2022,"31,467.00",Android
19/02/2022,"31,534.00",Android
20/02/2022,"31,525.00",Android
21/02/2022,"31,367.00",Android
22/02/2022,"31,286.00",Android
23/02/2022,"31,291.00",Android
24/02/2022,"31,298.00",Android
25/02/2022,"31,088.00",Android
26/02/2022,"31,087.00",Android
27/02/2022,"31,066.00",Android
28/02/2022,"31,051.00",Android
01/03/2022,"31,057.00",Android
02/03/2022,"30,921.00",Android
03/03/2022,"30,990.00",Android
04/03/2022,"30,937.00",Android
05/03/2022,"30,892.00",Android
06/03/2022,"30,843.00",Android
07/03/2022,"30,741.00",Android
08/03/2022,"30,716.00",Android
09/03/2022,"30,578.00",Android
10/03/2022,"30,619.00",Android
11/03/2022,"30,515.00",Android
12/03/2022,"30,484.00",Android
13/03/2022,"33,227.00",Android
14/03/2022,"33,407.00",Android
15/03/2022,"33,424.00",Android
16/03/2022,"33,434.00",Android
17/03/2022,"33,376.00",Android
18/03/2022,"33,601.00",Android
19/03/2022,"33,460.00",Android
20/03/2022,"33,485.00",Android
21/03/2022,"33,395.00",Android
22/03/2022,"33,414.00",Android
23/03/2022,"33,390.00",Android
24/03/2022,"33,472.00",Android
25/03/2022,"33,504.00",Android
26/03/2022,"33,625.00",Android
27/03/2022,"33,549.00",Android
28/03/2022,"33,505.00",Android
29/03/2022,"33,435.00",Android
30/03/2022,"33,370.00",Android
31/03/2022,"33,280.00",Android
01/04/2022,"33,233.00",Android
02/04/2022,"33,243.00",Android
03/04/2022,"33,193.00",Android
04/04/2022,"33,200.00",Android
05/04/2022,"33,163.00",Android
06/04/2022,"33,217.00",Android
07/04/2022,"33,200.00",Android
08/04/2022,"33,230.00",Android
09/04/2022,"35,274.00",Android
10/04/2022,"35,431.00",Android
11/04/2022,"35,330.00",Android
12/04/2022,"35,416.00",Android
13/04/2022,"35,310.00",Android
14/04/2022,"35,203.00",Android
15/04/2022,"35,048.00",Android
16/04/2022,"34,991.00",Android
17/04/2022,"34,798.00",Android
18/04/2022,"34,590.00",Android
19/04/2022,"34,444.00",Android
20/04/2022,"34,226.00",Android
21/04/2022,"34,292.00",Android
22/04/2022,"34,226.00",Android
23/04/2022,"34,466.00",Android
24/04/2022,"34,345.00",Android
25/04/2022,"34,463.00",Android
26/04/2022,"34,502.00",Android
27/04/2022,"34,459.00",Android
28/04/2022,"34,354.00",Android
29/04/2022,"34,297.00",Android
30/04/2022,"34,228.00",Android
01/05/2022,"34,158.00",Android
02/05/2022,"34,170.00",Android
03/05/2022,"34,039.00",Android
04/05/2022,"33,885.00",Android
05/05/2022,"33,953.00",Android
06/05/2022,"33,927.00",Android
07/05/2022,"33,793.00",Android
08/05/2022,"33,723.00",Android
09/05/2022,"33,913.00",Android
10/05/2022,"33,817.00",Android
11/05/2022,"33,756.00",Android
12/05/2022,"33,631.00",Android
13/05/2022,"33,768.00",Android
14/05/2022,"33,569.00",Android
15/05/2022,"33,560.00",Android
16/05/2022,"33,579.00",Android
17/05/2022,"33,706.00",Android
18/05/2022,"33,624.00",Android
19/05/2022,"33,609.00",Android
20/05/2022,"33,492.00",Android
21/05/2022,"33,511.00",Android
22/05/2022,"33,528.00",Android
23/05/2022,"33,538.00",Android
24/05/2022,"33,382.00",Android
25/05/2022,"33,352.00",Android
26/05/2022,"33,399.00",Android
27/05/2022,"33,302.00",Android
28/05/2022,"35,776.00",Android
29/05/2022,"35,720.00",Android
30/05/2022,"35,672.00",Android
31/05/2022,"35,580.00",Android
01/06/2022,"35,449.00",Android
02/06/2022,"35,396.00",Android
03/06/2022,"35,280.00",Android
04/06/2022,"35,253.00",Android
05/06/2022,"35,100.00",Android
06/06/2022,"35,126.00",Android
07/06/2022,"35,040.00",Android
08/06/2022,"34,967.00",Android
09/06/2022,"34,766.00",Android
10/06/2022,"34,640.00",Android
11/06/2022,"34,770.00",Android
12/06/2022,"34,759.00",Android
13/06/2022,"34,757.00",Android
14/06/2022,"34,720.00",Android
15/06/2022,"34,560.00",Android
16/06/2022,"34,234.00",Android
17/06/2022,"34,126.00",Android
18/06/2022,"34,060.00",Android
19/06/2022,"33,981.00",Android
20/06/2022,"33,769.00",Android
21/06/2022,"34,608.00",Android
22/06/2022,"34,668.00",Android
23/06/2022,"34,668.00",Android
24/06/2022,"34,681.00",Android
25/06/2022,"34,441.00",Android
26/06/2022,"34,418.00",Android
27/06/2022,"34,274.00",Android
28/06/2022,"35,679.00",Android
29/06/2022,"35,494.00",Android
30/06/2022,"35,586.00",Android
01/07/2022,"35,589.00",Android
02/07/2022,"35,392.00",Android
03/07/2022,"35,249.00",Android
04/07/2022,"35,195.00",Android
05/07/2022,"35,223.00",Android
06/07/2022,"35,011.00",Android
07/07/2022,"34,907.00",Android
08/07/2022,"34,708.00",Android
09/07/2022,"34,537.00",Android
10/07/2022,"34,564.00",Android
11/07/2022,"34,493.00",Android
12/07/2022,"34,341.00",Android
13/07/2022,"34,252.00",Android
14/07/2022,"34,203.00",Android
15/07/2022,"34,112.00",Android
16/07/2022,"33,928.00",Android
17/07/2022,"33,999.00",Android
18/07/2022,"34,063.00",Android
19/07/2022,"34,276.00",Android
20/07/2022,"34,429.00",Android
21/07/2022,"34,426.00",Android
22/07/2022,"34,538.00",Android
23/07/2022,"34,427.00",Android
24/07/2022,"34,467.00",Android
25/07/2022,"34,481.00",Android
26/07/2022,"34,376.00",Android
27/07/2022,"34,367.00",Android
28/07/2022,"34,279.00",Android
29/07/2022,"34,254.00",Android
30/07/2022,"34,206.00",Android
31/07/2022,"34,081.00",Android
01/08/2022,"34,023.00",Android
02/08/2022,"33,860.00",Android
03/08/2022,"34,032.00",Android
04/08/2022,"33,753.00",Android
05/08/2022,"33,866.00",Android
06/08/2022,"33,635.00",Android
07/08/2022,"33,564.00",Android
08/08/2022,"33,556.00",Android
09/08/2022,"33,456.00",Android
10/08/2022,"33,472.00",Android
11/08/2022,"33,454.00",Android
12/08/2022,"33,390.00",Android
13/08/2022,"33,413.00",Android
14/08/2022,"33,319.00",Android
15/08/2022,"33,381.00",Android
16/08/2022,"33,292.00",Android
17/08/2022,"33,435.00",Android
18/08/2022,"33,212.00",Android
19/08/2022,"33,180.00",Android
20/08/2022,"33,181.00",Android
21/08/2022,"33,353.00",Android
22/08/2022,"33,567.00",Android
23/08/2022,"33,616.00",Android
24/08/2022,"33,610.00",Android
25/08/2022,"33,652.00",Android
26/08/2022,"33,727.00",Android
27/08/2022,"33,671.00",Android
28/08/2022,"33,631.00",Android
29/08/2022,"34,106.00",Android
30/08/2022,"34,692.00",Android
31/08/2022,"34,797.00",Android
01/09/2022,"34,817.00",Android
02/09/2022,"34,840.00",Android
03/09/2022,"37,133.00",Android
04/09/2022,"37,564.00",Android
05/09/2022,"37,686.00",Android
06/09/2022,"37,863.00",Android
07/09/2022,"37,875.00",Android
08/09/2022,"37,925.00",Android
09/09/2022,"37,971.00",Android
10/09/2022,"38,049.00",Android
11/09/2022,"38,108.00",Android
12/09/2022,"38,227.00",Android
13/09/2022,"38,463.00",Android
14/09/2022,"39,133.00",Android
15/09/2022,"43,248.00",Android
16/09/2022,"43,990.00",Android
17/09/2022,"44,201.00",Android
18/09/2022,"44,232.00",Android
19/09/2022,"44,365.00",Android
20/09/2022,"44,462.00",Android
21/09/2022,"44,385.00",Android
22/09/2022,"44,350.00",Android
23/09/2022,"44,354.00",Android
24/09/2022,"45,718.00",Android
25/09/2022,"45,760.00",Android
26/09/2022,"45,471.00",Android
27/09/2022,"45,466.00",Android
28/09/2022,"45,423.00",Android
29/09/2022,"45,460.00",Android
30/09/2022,"45,267.00",Android
01/10/2022,"45,355.00",Android
02/10/2022,"45,268.00",Android
03/10/2022,"45,533.00",Android
04/10/2022,"45,693.00",Android
05/10/2022,"45,696.00",Android
06/10/2022,"45,677.00",Android
07/10/2022,"45,701.00",Android
08/10/2022,"45,711.00",Android
09/10/2022,"45,589.00",Android
10/10/2022,"45,535.00",Android
11/10/2022,"45,545.00",Android
12/10/2022,"45,438.00",Android
13/10/2022,"45,483.00",Android
14/10/2022,"45,248.00",Android
15/10/2022,"45,335.00",Android
16/10/2022,"45,255.00",Android
17/10/2022,"45,150.00",Android
18/10/2022,"45,067.00",Android
19/10/2022,"45,084.00",Android
20/10/2022,"44,968.00",Android
21/10/2022,"45,016.00",Android
22/10/2022,"44,953.00",Android
23/10/2022,"44,863.00",Android
24/10/2022,"44,830.00",Android
25/10/2022,"44,850.00",Android
26/10/2022,"44,823.00",Android
27/10/2022,"44,600.00",Android
28/10/2022,"44,642.00",Android
29/10/2022,"44,544.00",Android
30/10/2022,"44,480.00",Android
31/10/2022,"44,425.00",Android
01/11/2022,"44,371.00",Android
02/11/2022,"44,413.00",Android
03/11/2022,"44,319.00",Android
04/11/2022,"44,218.00",Android
05/11/2022,"44,128.00",Android
06/11/2022,"44,259.00",Android
07/11/2022,"44,040.00",Android
08/11/2022,"44,050.00",Android
09/11/2022,"44,203.00",Android
10/11/2022,"44,007.00",Android
11/11/2022,"43,946.00",Android
12/11/2022,"43,930.00",Android
13/11/2022,"43,949.00",Android
14/11/2022,"43,976.00",Android
15/11/2022,"43,962.00",Android
16/11/2022,"43,975.00",Android
17/11/2022,"44,014.00",Android
18/11/2022,"43,778.00",Android
19/11/2022,"43,907.00",Android
20/11/2022,"43,937.00",Android
21/11/2022,"43,927.00",Android
22/11/2022,"43,950.00",Android
23/11/2022,"43,772.00",Android
24/11/2022,"43,864.00",Android
25/11/2022,"43,552.00",Android
26/11/2022,"43,707.00",Android
27/11/2022,"43,617.00",Android
28/11/2022,"43,575.00",Android
29/11/2022,"43,423.00",Android
30/11/2022,"43,300.00",Android
01/12/2022,"43,328.00",Android
02/12/2022,"43,289.00",Android
03/12/2022,"43,224.00",Android
04/12/2022,"43,171.00",Android
05/12/2022,"43,023.00",Android
06/12/2022,"42,857.00",Android
07/12/2022,"42,920.00",Android
08/12/2022,"42,850.00",Android
09/12/2022,"42,974.00",Android
10/12/2022,"42,737.00",Android
11/12/2022,"42,770.00",Android
12/12/2022,"42,627.00",Android
13/12/2022,"42,627.00",Android
14/12/2022,"42,656.00",Android
15/12/2022,"42,497.00",Android
16/12/2022,"42,764.00",Android
17/12/2022,"43,391.00",Android
18/12/2022,"43,479.00",Android
19/12/2022,"43,588.00",Android
20/12/2022,"43,504.00",Android
21/12/2022,"43,611.00",Android
22/12/2022,"43,414.00",Android
23/12/2022,"43,369.00",Android
24/12/2022,"43,222.00",Android
25/12/2022,"43,278.00",Android
26/12/2022,"43,313.00",Android
27/12/2022,"43,095.00",Android
28/12/2022,"43,287.00",Android
29/12/2022,"43,089.00",Android
30/12/2022,"43,038.00",Android
31/12/2022,"43,098.00",Android
01/01/2023,"42,997.00",Android
02/01/2023,"43,047.00",Android
03/01/2023,"42,903.00",Android
04/01/2023,"42,962.00",Android
05/01/2023,"42,863.00",Android
06/01/2023,"42,761.00",Android
07/01/2023,"42,850.00",Android
08/01/2023,"42,925.00",Android
09/01/2023,"42,950.00",Android
10/01/2023,"42,729.00",Android
11/01/2023,"42,717.00",Android
12/01/2023,"42,723.00",Android
13/01/2023,"42,608.00",Android
14/01/2023,"42,700.00",Android
15/01/2023,"42,752.00",Android
16/01/2023,"42,759.00",Android
17/01/2023,"42,862.00",Android
18/01/2023,"42,643.00",Android
19/01/2023,"42,619.00",Android
20/01/2023,"42,685.00",Android
21/01/2023,"42,746.00",Android
22/01/2023,"42,600.00",Android
23/01/2023,"42,666.00",Android
24/01/2023,"42,623.00",Android
25/01/2023,"42,609.00",Android
26/01/2023,"42,596.00",Android
27/01/2023,"42,435.00",Android
28/01/2023,"42,471.00",Android
29/01/2023,"42,452.00",Android
30/01/2023,"42,336.00",Android
31/01/2023,"42,227.00",Android
01/02/2023,"42,219.00",Android
02/02/2023,"42,215.00",Android
03/02/2023,"42,137.00",Android
04/02/2023,"41,893.00",Android
05/02/2023,"41,869.00",Android
06/02/2023,"41,706.00",Android
07/02/2023,"41,715.00",Android
08/02/2023,"41,305.00",Android
09/02/2023,"40,900.00",Android
10/02/2023,"40,189.00",Android
11/02/2023,"40,280.00",Android
12/02/2023,"40,142.00",Android
13/02/2023,"40,096.00",Android
14/02/2023,"40,049.00",Android
15/02/2023,"40,024.00",Android
16/02/2023,"40,009.00",Android
17/02/2023,"40,001.00",Android
18/02/2023,"40,027.00",Android
19/02/2023,"39,984.00",Android
20/02/2023,"39,906.00",Android
21/02/2023,"40,009.00",Android
22/02/2023,"39,915.00",Android
23/02/2023,"39,850.00",Android
24/02/2023,"39,815.00",Android
25/02/2023,"39,767.00",Android
26/02/2023,"39,724.00",Android
27/02/2023,"39,841.00",Android
28/02/2023,"39,845.00",Android
01/03/2023,"39,816.00",Android
02/03/2023,"39,717.00",Android
03/03/2023,"39,813.00",Android
04/03/2023,"39,738.00",Android
05/03/2023,"39,614.00",Android
06/03/2023,"39,581.00",Android
07/03/2023,"39,565.00",Android
08/03/2023,"39,565.00",Android
09/03/2023,"39,377.00",Android
10/03/2023,"39,348.00",Android
11/03/2023,"39,324.00",Android
12/03/2023,"39,362.00",Android
13/03/2023,"39,297.00",Android
14/03/2023,"39,348.00",Android
15/03/2023,"39,100.00",Android
16/03/2023,"39,168.00",Android
17/03/2023,"39,032.00",Android
18/03/2023,"39,107.00",Android
19/03/2023,"38,965.00",Android
20/03/2023,"38,875.00",Android
21/03/2023,"38,884.00",Android
22/03/2023,"39,020.00",Android
23/03/2023,"38,964.00",Android
24/03/2023,"39,025.00",Android
25/03/2023,"38,843.00",Android
26/03/2023,"38,776.00",Android
27/03/2023,"38,803.00",Android
28/03/2023,"38,730.00",Android
29/03/2023,"38,767.00",Android
30/03/2023,"38,689.00",Android
31/03/2023,"38,695.00",Android
01/04/2023,"38,475.00",Android
02/04/2023,"38,473.00",Android
03/04/2023,"38,309.00",Android
04/04/2023,"38,229.00",Android
05/04/2023,"38,345.00",Android
06/04/2023,"38,264.00",Android
07/04/2023,"38,193.00",Android
08/04/2023,"38,087.00",Android
09/04/2023,"38,077.00",Android
10/04/2023,"37,982.00",Android
11/04/2023,"37,957.00",Android
12/04/2023,"37,876.00",Android
13/04/2023,"37,983.00",Android
14/04/2023,"37,834.00",Android
15/04/2023,"37,934.00",Android
16/04/2023,"37,841.00",Android
17/04/2023,"37,799.00",Android
18/04/2023,"37,733.00",Android
19/04/2023,"37,813.00",Android
20/04/2023,"37,788.00",Android
21/04/2023,"37,740.00",Android
22/04/2023,"37,731.00",Android
23/04/2023,"37,672.00",Android
24/04/2023,"37,679.00",Android
25/04/2023,"37,639.00",Android
26/04/2023,"37,528.00",Android
27/04/2023,"37,477.00",Android
28/04/2023,"37,537.00",Android
29/04/2023,"37,486.00",Android
30/04/2023,"37,303.00",Android
01/05/2023,"37,370.00",Android
02/05/2023,"37,254.00",Android
03/05/2023,"37,273.00",Android
04/05/2023,"37,296.00",Android
05/05/2023,"37,139.00",Android
06/05/2023,"37,196.00",Android
07/05/2023,"37,239.00",Android
08/05/2023,"37,063.00",Android
09/05/2023,"38,892.00",Android
10/05/2023,"39,070.00",Android
11/05/2023,"36,959.00",Android
12/05/2023,"38,742.00",Android
13/05/2023,"38,996.00",Android
12/28/21,3.00,Nautilus
12/29/21,7.00,Nautilus
12/30/21,9.00,Nautilus
12/31/21,10.00,Nautilus
01/01/2022,10.00,Nautilus
01/02/2022,10.00,Nautilus
01/03/2022,11.00,Nautilus
01/04/2022,12.00,Nautilus
01/05/2022,12.00,Nautilus
01/06/2022,13.00,Nautilus
01/07/2022,13.00,Nautilus
01/08/2022,13.00,Nautilus
01/09/2022,14.00,Nautilus
01/10/2022,14.00,Nautilus
01/11/2022,14.00,Nautilus
01/12/2022,15.00,Nautilus
1/13/22,15.00,Nautilus
1/14/22,15.00,Nautilus
1/15/22,15.00,Nautilus
1/16/22,14.00,Nautilus
1/17/22,14.00,Nautilus
1/18/22,14.00,Nautilus
1/19/22,14.00,Nautilus
1/20/22,15.00,Nautilus
1/21/22,16.00,Nautilus
1/22/22,17.00,Nautilus
1/23/22,25.00,Nautilus
1/24/22,34.00,Nautilus
1/25/22,137.00,Nautilus
1/26/22,176.00,Nautilus
1/27/22,226.00,Nautilus
1/28/22,294.00,Nautilus
1/29/22,322.00,Nautilus
1/30/22,346.00,Nautilus
1/31/22,377.00,Nautilus
02/01/2022,427.00,Nautilus
02/02/2022,465.00,Nautilus
02/03/2022,500.00,Nautilus
02/04/2022,525.00,Nautilus
02/05/2022,547.00,Nautilus
02/06/2022,574.00,Nautilus
02/07/2022,603.00,Nautilus
02/08/2022,648.00,Nautilus
02/09/2022,692.00,Nautilus
02/10/2022,720.00,Nautilus
02/11/2022,739.00,Nautilus
02/12/2022,840.00,Nautilus
2/13/22,882.00,Nautilus
2/14/22,951.00,Nautilus
2/15/22,"1,032.00",Nautilus
2/16/22,"1,073.00",Nautilus
2/17/22,"1,117.00",Nautilus
2/18/22,"1,149.00",Nautilus
2/19/22,"1,165.00",Nautilus
2/20/22,"1,195.00",Nautilus
2/21/22,"1,218.00",Nautilus
2/22/22,"1,234.00",Nautilus
2/23/22,"1,242.00",Nautilus
2/24/22,"1,263.00",Nautilus
2/25/22,"1,277.00",Nautilus
2/26/22,"1,297.00",Nautilus
2/27/22,"1,400.00",Nautilus
2/28/22,"1,532.00",Nautilus
03/01/2022,"1,582.00",Nautilus
03/02/2022,"1,635.00",Nautilus
03/03/2022,"1,660.00",Nautilus
03/04/2022,"1,702.00",Nautilus
03/05/2022,"1,732.00",Nautilus
03/06/2022,"1,750.00",Nautilus
03/07/2022,"1,777.00",Nautilus
03/08/2022,"1,797.00",Nautilus
03/09/2022,"1,807.00",Nautilus
03/10/2022,"1,884.00",Nautilus
03/11/2022,"1,963.00",Nautilus
03/12/2022,"1,995.00",Nautilus
3/13/22,"2,068.00",Nautilus
3/14/22,"2,162.00",Nautilus
3/15/22,"2,210.00",Nautilus
3/16/22,"2,258.00",Nautilus
3/17/22,"2,345.00",Nautilus
3/18/22,"2,433.00",Nautilus
3/19/22,"2,549.00",Nautilus
3/20/22,"2,610.00",Nautilus
3/21/22,"2,717.00",Nautilus
3/22/22,"2,880.00",Nautilus
3/23/22,"3,061.00",Nautilus
3/24/22,"3,221.00",Nautilus
3/25/22,"3,387.00",Nautilus
3/26/22,"3,533.00",Nautilus
3/27/22,"3,693.00",Nautilus
3/28/22,"3,884.00",Nautilus
3/29/22,"4,035.00",Nautilus
3/30/22,"4,185.00",Nautilus
3/31/22,"4,303.00",Nautilus
04/01/2022,"4,464.00",Nautilus
04/02/2022,"4,528.00",Nautilus
04/03/2022,"4,606.00",Nautilus
04/04/2022,"4,644.00",Nautilus
04/05/2022,"4,765.00",Nautilus
04/06/2022,"4,877.00",Nautilus
04/07/2022,"4,957.00",Nautilus
04/08/2022,"5,024.00",Nautilus
04/09/2022,"5,119.00",Nautilus
04/10/2022,"5,224.00",Nautilus
04/11/2022,"5,289.00",Nautilus
04/12/2022,"5,348.00",Nautilus
4/13/22,"5,397.00",Nautilus
4/14/22,"5,450.00",Nautilus
4/15/22,"5,470.00",Nautilus
4/16/22,"5,499.00",Nautilus
4/17/22,"5,515.00",Nautilus
4/18/22,"5,613.00",Nautilus
4/19/22,"5,653.00",Nautilus
4/20/22,"5,650.00",Nautilus
4/21/22,"5,642.00",Nautilus
4/22/22,"5,628.00",Nautilus
4/23/22,"5,682.00",Nautilus
4/24/22,"5,723.00",Nautilus
4/25/22,"5,810.00",Nautilus
4/26/22,"5,858.00",Nautilus
4/27/22,"5,892.00",Nautilus
4/28/22,"5,942.00",Nautilus
4/29/22,"6,018.00",Nautilus
4/30/22,"6,070.00",Nautilus
05/01/2022,"6,170.00",Nautilus
05/02/2022,"6,315.00",Nautilus
05/03/2022,"6,390.00",Nautilus
05/04/2022,"6,454.00",Nautilus
05/05/2022,"6,469.00",Nautilus
05/06/2022,"6,516.00",Nautilus
05/07/2022,"6,629.00",Nautilus
05/08/2022,"6,716.00",Nautilus
05/09/2022,"6,735.00",Nautilus
05/10/2022,"6,787.00",Nautilus
05/11/2022,"6,791.00",Nautilus
05/12/2022,"6,816.00",Nautilus
5/13/22,"6,854.00",Nautilus
5/14/22,"6,898.00",Nautilus
5/15/22,"6,948.00",Nautilus
5/16/22,"7,014.00",Nautilus
5/17/22,"7,038.00",Nautilus
5/18/22,"7,120.00",Nautilus
5/19/22,"7,136.00",Nautilus
5/20/22,"7,170.00",Nautilus
5/21/22,"7,188.00",Nautilus
5/22/22,"7,236.00",Nautilus
5/23/22,"7,307.00",Nautilus
5/24/22,"7,328.00",Nautilus
5/25/22,"7,337.00",Nautilus
5/26/22,"7,371.00",Nautilus
5/27/22,"7,394.00",Nautilus
5/28/22,"7,534.00",Nautilus
5/29/22,"7,622.00",Nautilus
5/30/22,"7,682.00",Nautilus
5/31/22,"7,743.00",Nautilus
06/01/2022,"7,756.00",Nautilus
06/02/2022,"7,749.00",Nautilus
06/03/2022,"7,731.00",Nautilus
06/04/2022,"7,735.00",Nautilus
06/05/2022,"7,763.00",Nautilus
06/06/2022,"7,766.00",Nautilus
06/07/2022,"7,787.00",Nautilus
06/08/2022,"7,806.00",Nautilus
06/09/2022,"7,843.00",Nautilus
06/10/2022,"7,867.00",Nautilus
06/11/2022,"7,855.00",Nautilus
06/12/2022,"7,975.00",Nautilus
6/13/22,"8,087.00",Nautilus
6/14/22,"8,165.00",Nautilus
6/15/22,"8,356.00",Nautilus
6/16/22,"8,410.00",Nautilus
6/17/22,"8,899.00",Nautilus
6/18/22,"9,424.00",Nautilus
6/19/22,"9,701.00",Nautilus
6/20/22,"9,849.00",Nautilus
6/21/22,"9,994.00",Nautilus
6/22/22,"10,146.00",Nautilus
6/23/22,"10,255.00",Nautilus
6/24/22,"10,404.00",Nautilus
6/25/22,"10,494.00",Nautilus
6/26/22,"10,549.00",Nautilus
6/27/22,"10,635.00",Nautilus
6/28/22,"10,717.00",Nautilus
6/29/22,"10,776.00",Nautilus
6/30/22,"10,851.00",Nautilus
07/01/2022,"10,858.00",Nautilus
07/02/2022,"10,883.00",Nautilus
07/03/2022,"10,901.00",Nautilus
07/04/2022,"10,895.00",Nautilus
07/05/2022,"10,896.00",Nautilus
07/06/2022,"10,912.00",Nautilus
07/07/2022,"10,908.00",Nautilus
07/08/2022,"10,857.00",Nautilus
07/09/2022,"10,858.00",Nautilus
07/10/2022,"10,839.00",Nautilus
07/11/2022,"10,876.00",Nautilus
07/12/2022,"10,877.00",Nautilus
7/13/22,"10,848.00",Nautilus
7/14/22,"10,843.00",Nautilus
7/15/22,"10,804.00",Nautilus
7/16/22,"10,836.00",Nautilus
7/17/22,"10,836.00",Nautilus
7/18/22,"10,909.00",Nautilus
7/19/22,"10,949.00",Nautilus
7/20/22,"10,930.00",Nautilus
7/21/22,"10,902.00",Nautilus
7/22/22,"10,847.00",Nautilus
7/23/22,"10,850.00",Nautilus
7/24/22,"10,895.00",Nautilus
7/25/22,"10,893.00",Nautilus
7/26/22,"10,849.00",Nautilus
7/27/22,"10,862.00",Nautilus
7/28/22,"10,855.00",Nautilus
7/29/22,"10,857.00",Nautilus
7/30/22,"10,918.00",Nautilus
7/31/22,"10,930.00",Nautilus
08/01/2022,"11,009.00",Nautilus
08/02/2022,"11,053.00",Nautilus
08/03/2022,"11,078.00",Nautilus
08/04/2022,"11,071.00",Nautilus
08/05/2022,"11,045.00",Nautilus
08/06/2022,"11,037.00",Nautilus
08/07/2022,"11,074.00",Nautilus
08/08/2022,"11,136.00",Nautilus
08/09/2022,"11,155.00",Nautilus
08/10/2022,"11,191.00",Nautilus
08/11/2022,"11,261.00",Nautilus
08/12/2022,"11,333.00",Nautilus
8/13/22,"11,430.00",Nautilus
8/14/22,"11,473.00",Nautilus
8/15/22,"11,541.00",Nautilus
8/16/22,"11,586.00",Nautilus
8/17/22,"11,636.00",Nautilus
8/18/22,"11,640.00",Nautilus
8/19/22,"11,629.00",Nautilus
8/20/22,"11,673.00",Nautilus
8/21/22,"11,775.00",Nautilus
8/22/22,"11,820.00",Nautilus
8/23/22,"11,871.00",Nautilus
8/24/22,"11,906.00",Nautilus
8/25/22,"11,904.00",Nautilus
8/26/22,"11,957.00",Nautilus
8/27/22,"12,109.00",Nautilus
8/28/22,"12,136.00",Nautilus
8/29/22,"12,220.00",Nautilus
8/30/22,"12,383.00",Nautilus
8/31/22,"12,469.00",Nautilus
09/01/2022,"12,647.00",Nautilus
09/02/2022,"12,747.00",Nautilus
09/03/2022,"13,012.00",Nautilus
09/04/2022,"13,345.00",Nautilus
09/05/2022,"13,681.00",Nautilus
09/06/2022,"13,951.00",Nautilus
09/07/2022,"14,042.00",Nautilus
09/08/2022,"14,105.00",Nautilus
09/09/2022,"14,154.00",Nautilus
09/10/2022,"14,216.00",Nautilus
09/11/2022,"14,289.00",Nautilus
09/12/2022,"14,385.00",Nautilus
9/13/22,"14,489.00",Nautilus
9/14/22,"14,646.00",Nautilus
9/15/22,"15,530.00",Nautilus
9/16/22,"15,769.00",Nautilus
9/17/22,"15,905.00",Nautilus
9/18/22,"16,068.00",Nautilus
9/19/22,"16,171.00",Nautilus
9/20/22,"16,216.00",Nautilus
9/21/22,"16,246.00",Nautilus
9/22/22,"16,329.00",Nautilus
9/23/22,"16,302.00",Nautilus
9/24/22,"16,283.00",Nautilus
9/25/22,"16,260.00",Nautilus
9/26/22,"16,284.00",Nautilus
9/27/22,"16,198.00",Nautilus
9/28/22,"16,181.00",Nautilus
9/29/22,"16,233.00",Nautilus
9/30/22,"16,212.00",Nautilus
10/01/2022,"16,229.00",Nautilus
10/02/2022,"16,260.00",Nautilus
10/03/2022,"16,292.00",Nautilus
10/04/2022,"16,308.00",Nautilus
10/05/2022,"16,306.00",Nautilus
10/06/2022,"16,290.00",Nautilus
10/07/2022,"16,243.00",Nautilus
10/08/2022,"16,252.00",Nautilus
10/09/2022,"16,302.00",Nautilus
10/10/2022,"16,365.00",Nautilus
10/11/2022,"16,344.00",Nautilus
10/12/2022,"16,392.00",Nautilus
10/13/22,"16,344.00",Nautilus
10/14/22,"16,337.00",Nautilus
10/15/22,"16,374.00",Nautilus
10/16/22,"16,311.00",Nautilus
10/17/22,"16,298.00",Nautilus
10/18/22,"16,397.00",Nautilus
10/19/22,"16,413.00",Nautilus
10/20/22,"16,376.00",Nautilus
10/21/22,"16,426.00",Nautilus
10/22/22,"16,471.00",Nautilus
10/23/22,"16,491.00",Nautilus
10/24/22,"16,490.00",Nautilus
10/25/22,"16,502.00",Nautilus
10/26/22,"16,481.00",Nautilus
10/27/22,"16,439.00",Nautilus
10/28/22,"16,387.00",Nautilus
10/29/22,"16,346.00",Nautilus
10/30/22,"16,345.00",Nautilus
10/31/22,"16,353.00",Nautilus
11/01/2022,"16,338.00",Nautilus
11/02/2022,"16,308.00",Nautilus
11/03/2022,"16,224.00",Nautilus
11/04/2022,"16,185.00",Nautilus
11/05/2022,"16,168.00",Nautilus
11/06/2022,"16,188.00",Nautilus
11/07/2022,"16,151.00",Nautilus
11/08/2022,"16,131.00",Nautilus
11/09/2022,"16,171.00",Nautilus
11/10/2022,"16,196.00",Nautilus
11/11/2022,"16,189.00",Nautilus
11/12/2022,"16,218.00",Nautilus
11/13/22,"16,218.00",Nautilus
11/14/22,"16,234.00",Nautilus
11/15/22,"16,251.00",Nautilus
11/16/22,"16,213.00",Nautilus
11/17/22,"16,186.00",Nautilus
11/18/22,"16,206.00",Nautilus
11/19/22,"16,222.00",Nautilus
11/20/22,"16,253.00",Nautilus
11/21/22,"16,241.00",Nautilus
11/22/22,"16,209.00",Nautilus
11/23/22,"16,280.00",Nautilus
11/24/22,"16,231.00",Nautilus
11/25/22,"16,171.00",Nautilus
11/26/22,"16,145.00",Nautilus
11/27/22,"16,166.00",Nautilus
11/28/22,"16,310.00",Nautilus
11/29/22,"16,348.00",Nautilus
11/30/22,"16,369.00",Nautilus
12/01/2022,"16,394.00",Nautilus
12/02/2022,"16,400.00",Nautilus
12/03/2022,"16,433.00",Nautilus
12/04/2022,"16,456.00",Nautilus
12/05/2022,"16,475.00",Nautilus
12/06/2022,"16,511.00",Nautilus
12/07/2022,"16,468.00",Nautilus
12/08/2022,"16,492.00",Nautilus
12/09/2022,"16,500.00",Nautilus
12/10/2022,"16,511.00",Nautilus
12/11/2022,"16,480.00",Nautilus
12/12/2022,"16,400.00",Nautilus
12/13/22,"16,409.00",Nautilus
12/14/22,"16,417.00",Nautilus
12/15/22,"16,388.00",Nautilus
12/16/22,"16,494.00",Nautilus
12/17/22,"16,527.00",Nautilus
12/18/22,"16,585.00",Nautilus
12/19/22,"16,606.00",Nautilus
12/20/22,"16,572.00",Nautilus
12/21/22,"16,537.00",Nautilus
12/22/22,"16,468.00",Nautilus
12/23/22,"16,370.00",Nautilus
12/24/22,"16,328.00",Nautilus
12/25/22,"16,289.00",Nautilus
12/26/22,"16,216.00",Nautilus
12/27/22,"16,145.00",Nautilus
12/28/22,"16,057.00",Nautilus
12/29/22,"15,899.00",Nautilus
12/30/22,"15,796.00",Nautilus
12/31/22,"15,775.00",Nautilus
01/01/2023,"15,816.00",Nautilus
01/02/2023,"15,984.00",Nautilus
01/03/2023,"16,151.00",Nautilus
01/04/2023,"16,236.00",Nautilus
01/05/2023,"16,339.00",Nautilus
01/06/2023,"16,394.00",Nautilus
01/07/2023,"16,514.00",Nautilus
01/08/2023,"16,642.00",Nautilus
01/09/2023,"16,812.00",Nautilus
01/10/2023,"16,929.00",Nautilus
01/11/2023,"16,986.00",Nautilus
01/12/2023,"17,045.00",Nautilus
1/13/23,"17,117.00",Nautilus
1/14/23,"17,163.00",Nautilus
1/15/23,"17,303.00",Nautilus
1/16/23,"17,351.00",Nautilus
1/17/23,"17,313.00",Nautilus
1/18/23,"17,368.00",Nautilus
1/19/23,"17,367.00",Nautilus
1/20/23,"17,310.00",Nautilus
1/21/23,"17,311.00",Nautilus
1/22/23,"17,338.00",Nautilus
1/23/23,"17,351.00",Nautilus
1/24/23,"17,312.00",Nautilus
1/25/23,"17,260.00",Nautilus
1/26/23,"17,251.00",Nautilus
1/27/23,"17,296.00",Nautilus
1/28/23,"17,302.00",Nautilus
1/29/23,"17,435.00",Nautilus
1/30/23,"17,559.00",Nautilus
1/31/23,"17,725.00",Nautilus
02/01/2023,"17,767.00",Nautilus
02/02/2023,"17,812.00",Nautilus
02/03/2023,"17,882.00",Nautilus
02/04/2023,"17,926.00",Nautilus
02/05/2023,"17,921.00",Nautilus
02/06/2023,"18,004.00",Nautilus
02/07/2023,"17,959.00",Nautilus
02/08/2023,"17,959.00",Nautilus
02/09/2023,"17,920.00",Nautilus
02/10/2023,"17,869.00",Nautilus
02/11/2023,"17,908.00",Nautilus
02/12/2023,"17,921.00",Nautilus
2/13/23,"17,946.00",Nautilus
2/14/23,"17,940.00",Nautilus
2/15/23,"18,056.00",Nautilus
2/16/23,"18,113.00",Nautilus
2/17/23,"18,131.00",Nautilus
2/18/23,"18,182.00",Nautilus
2/19/23,"18,228.00",Nautilus
2/20/23,"18,298.00",Nautilus
2/21/23,"18,255.00",Nautilus
2/22/23,"18,232.00",Nautilus
2/23/23,"18,190.00",Nautilus
2/24/23,"18,167.00",Nautilus
2/25/23,"18,287.00",Nautilus
2/26/23,"18,306.00",Nautilus
2/27/23,"18,363.00",Nautilus
2/28/23,"18,409.00",Nautilus
03/01/2023,"18,443.00",Nautilus
03/02/2023,"18,406.00",Nautilus
03/03/2023,"18,360.00",Nautilus
03/04/2023,"18,321.00",Nautilus
03/05/2023,"18,325.00",Nautilus
03/06/2023,"18,377.00",Nautilus
03/07/2023,"18,286.00",Nautilus
03/08/2023,"18,226.00",Nautilus
03/09/2023,"18,234.00",Nautilus
03/10/2023,"18,250.00",Nautilus
03/11/2023,"18,242.00",Nautilus
03/12/2023,"18,238.00",Nautilus
3/13/23,"18,301.00",Nautilus
3/14/23,"18,306.00",Nautilus
3/15/23,"18,316.00",Nautilus
3/16/23,"18,335.00",Nautilus
3/17/23,"18,383.00",Nautilus
3/18/23,"18,403.00",Nautilus
3/19/23,"18,450.00",Nautilus
3/20/23,"18,507.00",Nautilus
3/21/23,"18,526.00",Nautilus
3/22/23,"18,523.00",Nautilus
3/23/23,"18,567.00",Nautilus
3/24/23,"18,555.00",Nautilus
3/25/23,"18,586.00",Nautilus
3/26/23,"18,556.00",Nautilus
3/27/23,"18,609.00",Nautilus
3/28/23,"18,654.00",Nautilus
3/29/23,"18,714.00",Nautilus
3/30/23,"18,637.00",Nautilus
3/31/23,"18,654.00",Nautilus
04/01/2023,"18,703.00",Nautilus
04/02/2023,"18,755.00",Nautilus
04/03/2023,"18,805.00",Nautilus
04/04/2023,"18,805.00",Nautilus
04/05/2023,"18,806.00",Nautilus
04/06/2023,"18,776.00",Nautilus
04/07/2023,"18,713.00",Nautilus
04/08/2023,"18,707.00",Nautilus
04/09/2023,"18,622.00",Nautilus
04/10/2023,"18,509.00",Nautilus
04/11/2023,"18,595.00",Nautilus
04/12/2023,"18,632.00",Nautilus
4/13/23,"18,660.00",Nautilus
4/14/23,"18,645.00",Nautilus
4/15/23,"18,686.00",Nautilus
4/16/23,"18,787.00",Nautilus
4/17/23,"18,839.00",Nautilus
4/18/23,"18,924.00",Nautilus
4/19/23,"18,922.00",Nautilus
4/20/23,"18,916.00",Nautilus
4/21/23,"18,876.00",Nautilus
4/22/23,"18,827.00",Nautilus
4/23/23,"18,772.00",Nautilus
4/24/23,"18,722.00",Nautilus
4/25/23,"18,628.00",Nautilus
4/26/23,"18,587.00",Nautilus
4/27/23,"18,663.00",Nautilus
4/28/23,"18,585.00",Nautilus
4/29/23,"18,592.00",Nautilus
4/30/23,"18,571.00",Nautilus
05/01/2023,"18,573.00",Nautilus
05/02/2023,"18,580.00",Nautilus
05/03/2023,"18,513.00",Nautilus
05/04/2023,"18,536.00",Nautilus
05/05/2023,"18,612.00",Nautilus
05/06/2023,"18,663.00",Nautilus
05/07/2023,"18,654.00",Nautilus
05/08/2023,"18,677.00",Nautilus
05/09/2023,"18,709.00",Nautilus
05/10/2023,"18,676.00",Nautilus
05/11/2023,"18,619.00",Nautilus
05/12/2023,"18,546.00",Nautilus
5/13/23,"18,529.00",Nautilus